"id","diver1_videoer","diver2","date","site","latitude","longitude","stratum","site_selection","visibility_ft","time","tidal_ht_ft","transect","transect_id","distance_m","swath_m","heading","depth_start_ft","depth_end_ft","depth_ft","depth_m","kelp_video","benthic_video","comment1","comment2","transect_id_pasted","swath_area_kelp","macro_individuals","macro_stipes","macro_recruits (<1m)","nereocystis_lue","swath_area_star","swath_area_patiria","patiria_min","dermasterias_imb","henricia_spp","mediaster_aeq","pycnopodia_hel","pisaster_gig","pisaster_spp","pisaster_bre","orthasterias_koe","leptasterias_hex","notes","KelpStatus","Region"
1,"Elahi","Andrzejaczek","2021-06-24","hms150",36.621717,-121.901817,"cabr","targeted",15,"0.37222222222222223",1.4,"1.0","hms150_2021-06-24_t1",30,"1.0",0,30,"27.0",27.1,8.259676928,"hms150_2021-06-24_t1_k","hms150_2021-06-24_t1_b","lat-long from 160m was used","kelp video was PARA0002; benthic video was PARA0003","hms150_2021-06-24_t1","30",10,"219.0","NA","0.0","NA","NA","NA","NA","NA","NA","NA","NA","NA","NA","NA","NA",NA,"Kelp Present","Cabrillo Point"
2,"Elahi","Andrzejaczek","2021-06-24","hms150",36.621717,-121.901817,"cabr","targeted",15,"0.4305555555555556",3.2,"2.0","hms150_2021-06-24_t2",30,"1.0",180,27,"18.0",19.3,5.882352941,"hms150_2021-06-24_t2_k","hms150_2021-06-24_t2_b","lat-long from 160m was used","kelp video was GX010246; benthic video was GX010247","hms150_2021-06-24_t2","30",6,"143.0","NA","0.0","NA","NA","NA","NA","NA","NA","NA","NA","NA","NA","NA","NA",NA,"Kelp Present","Cabrillo Point"
3,"Elahi","Goodman","2022-02-07","hms100",36.621142,-121.901658,"cabr","targeted",30,"0.4027777777777778",1.5,"1.0","hms100_2022-02-07_t1",30,"1.0",0,26,"31.0",27,8.229198415,"hms100_2022-02-07_t1_k","NA","video should be rotated prior to data collection (do not need to save the rotated video)","kelp video was GX010325; benthic video was NA","hms100_2022-02-07_t1","30",9,"127.0","NA","0.0","NA","NA","NA","NA","NA","NA","NA","NA","NA","NA","NA","NA",NA,"Kelp Present","Cabrillo Point"
4,"Elahi","Goodman","2022-02-07","hms100",36.621142,-121.901658,"cabr","targeted",30,"0.4027777777777778",1.5,"2.0","hms100_2022-02-07_t2",30,"1.0",270,26,"25.0",24,7.314843036,"hms100_2022-02-07_t2_k","hms100_2022-02-07_t2_b","video should be rotated prior to data collection (do not need to save the rotated video)","kelp video was GX010329; benthic video was GX010330","hms100_2022-02-07_t2","30",5,"30.0","NA","0.0","NA","NA","NA","NA","NA","NA","NA","NA","NA","NA","NA","NA",NA,"Kelp Present","Cabrillo Point"
5,"Elahi","Goodman","2022-02-07","hms100",36.621142,-121.901658,"cabr","targeted",30,"0.4027777777777778",1.5,"3.0","hms100_2022-02-07_t3",30,"1.0",180,26,"30.0",26.5,8.076805852,"hms100_2022-02-07_t3_k","NA","video should be rotated prior to data collection (do not need to save the rotated video)","kelp video was GX010331; benthic video was NA","hms100_2022-02-07_t3","30",6,"110.0","NA","0.0","NA","NA","NA","NA","NA","NA","NA","NA","NA","NA","NA","NA",NA,"Kelp Present","Cabrillo Point"
6,"Elahi","Andrzejaczek","2022-02-14","hms100",36.621142,-121.901658,"cabr","targeted",20,"0.4027777777777778",5.3,"1.0","hms100_2022-02-14_t1",10,"2.0",0,32,"35.0",28.2,8.594940567,"NA","hms100_2022-02-14_t1_b",NA,"kelp video was NA; benthic video was GX010344","hms100_2022-02-14_t1","20",5,"100.0","NA","0.0","NA","NA","NA","NA","NA","NA","0.0","NA","NA","NA","NA","NA",NA,"Kelp Present","Cabrillo Point"
7,"Elahi","Andrzejaczek","2022-02-14","hms100",36.621142,-121.901658,"cabr","targeted",20,"0.4027777777777778",5.3,"2.0","hms100_2022-02-14_t2",10,"2.0",90,31,"33.0",26.7,8.137762877,"NA","hms100_2022-02-14_t2_b",NA,"kelp video was NA; benthic video was GX010345","hms100_2022-02-14_t2","20",3,"4.0","NA","0.0","NA","NA","NA","NA","NA","NA","0.0","NA","NA","NA","NA","NA",NA,"Kelp Present","Cabrillo Point"
8,"Elahi","Andrzejaczek","2022-02-14","hms100",36.621142,-121.901658,"cabr","targeted",20,"0.4027777777777778",5.3,"3.0","hms100_2022-02-14_t3",10,"2.0",180,30,"35.0",27.2,8.29015544,"NA","hms100_2022-02-14_t3_b",NA,"kelp video was NA; benthic video was GX010347","hms100_2022-02-14_t3","20",6,"39.0","NA","0.0","NA","NA","NA","NA","NA","NA","0.0","NA","NA","NA","NA","NA",NA,"Kelp Present","Cabrillo Point"
9,"Elahi","Andrzejaczek","2022-02-14","hms100",36.621142,-121.901658,"cabr","targeted",20,"0.4027777777777778",5.3,"4.0","hms100_2022-02-14_t4",10,"2.0",270,30,"30.0",24.7,7.528192624,"NA","hms100_2022-02-14_t4_b",NA,"kelp video was NA; benthic video was GX010348","hms100_2022-02-14_t4","20",9,"79.0","NA","0.0","NA","NA","NA","NA","NA","NA","0.0","NA","NA","NA","NA","NA",NA,"Kelp Present","Cabrillo Point"
10,"Elahi","Schnurle","2022-03-01","hms100",36.621142,-121.901658,"cabr","targeted",20,"0.3784722222222222",6.1,"1.0","hms100_2022-03-01_t1",10,"2.0",0,30,"29.0",23.4,7.13197196,"hms100_2022-03-01_t1_k","hms100_2022-03-01_t1_b",NA,"kelp video was PARA0001; benthic video was GX010425","hms100_2022-03-01_t1","20",7,"90.0","NA","0.0","NA","NA","NA","NA","NA","NA","0.0","2.0","NA","NA","NA","NA",NA,"Kelp Present","Cabrillo Point"
11,"Elahi","Schnurle","2022-03-01","hms100",36.621142,-121.901658,"cabr","targeted",20,"0.3784722222222222",6.1,"2.0","hms100_2022-03-01_t2",10,"2.0",90,30,"30.0",23.9,7.284364523,"hms100_2022-03-01_t2_k","hms100_2022-03-01_t2_b",NA,"kelp video was PARA0002; benthic video was GX010426","hms100_2022-03-01_t2","20",1,"28.0","NA","0.0","NA","NA","NA","NA","NA","NA","0.0","1.0","NA","NA","NA","NA",NA,"Kelp Present","Cabrillo Point"
12,"Elahi","Schnurle","2022-03-01","hms100",36.621142,-121.901658,"cabr","targeted",20,"0.3784722222222222",6.1,"3.0","hms100_2022-03-01_t3",10,"2.0",180,30,"33.0",25.4,7.741542213,"hms100_2022-03-01_t3_k","hms100_2022-03-01_t3_b",NA,"kelp video was PARA0004; benthic video was GX010427","hms100_2022-03-01_t3","20",8,"77.0","NA","0.0","NA","NA","NA","NA","NA","NA","0.0","1.0","NA","NA","NA","NA",NA,"Kelp Present","Cabrillo Point"
13,"Elahi","Schnurle","2022-03-01","hms100",36.621142,-121.901658,"cabr","targeted",20,"0.45902777777777776",4.7,"4.0","hms100_2022-03-01_t4",10,"2.0",270,29,"28.0",23.8,7.25388601,"hms100_2022-03-01_t4_k","hms100_2022-03-01_t4_b",NA,"kelp video was PARA0007; benthic video was GX010428","hms100_2022-03-01_t4","20",6,"44.0","NA","0.0","NA","NA","NA","NA","NA","NA","0.0","1.0","NA","NA","NA","NA",NA,"Kelp Present","Cabrillo Point"
14,"Elahi","Schnurle","2022-03-02","hms100",36.621142,-121.901658,"cabr","targeted",20,"0.38333333333333336",5.8,"1.0","hms100_2022-03-02_t1",10,"2.0",0,31,"30.0",24.7,7.528192624,"hms100_2022-03-02_t1_k","hms100_2022-03-02_t1_b",NA,"kelp video was PARA0004; benthic video was GX010429","hms100_2022-03-02_t1","20",6,"218.0","NA","0.0","NA","NA","NA","NA","NA","NA","0.0","1.0","NA","NA","NA","NA",NA,"Kelp Present","Cabrillo Point"
15,"Elahi","Andrzejaczek","2022-03-08","davi93",36.617161,-121.897,"davi","random",30,"0.4375",1.2,"1.0","davi93_2022-03-08_t1",30,"1.0",300,35,"37.0",34.8,10.6065224,"davi93_2022-03-08_t1_k","davi93_2022-03-08_t1_b","was ID93","kelp video was GX010435; benthic video was GX010436","davi93_2022-03-08_t1","30",11,"128.0","NA","0.0","NA","NA","NA","NA","NA","NA","0.0","NA","NA","NA","NA","NA",NA,"Kelp Present","David Avenue"
16,"Elahi","Andrzejaczek","2022-03-08","davi93",36.617161,-121.897,"davi","random",30,"0.4375",1.2,"2.0","davi93_2022-03-08_t2",30,"1.0",300,27,"30.0",27.3,8.320633953,"davi93_2022-03-08_t2_k","davi93_2022-03-08_t2_b","was ID93","kelp video was GX010438; benthic video was GX010439","davi93_2022-03-08_t2","30",4,"134.0","NA","0.0","NA","NA","NA","NA","NA","NA","0.0","NA","NA","NA","NA","NA",NA,"Kelp Present","David Avenue"
17,"Elahi","Andrzejaczek","2022-03-08","love62",36.628723,-121.915289,"love","random",30,"0.3819444444444444",1.8,"1.0","love62_2022-03-08_t1",30,"1.0",90,41,"49.0",43.2,13.16671746,"love62_2022-03-08_t1_k","love62_2022-03-08_t1_b","was ID62","kelp video was GX010430; benthic video was GX010431","love62_2022-03-08_t1","30",0,"0.0","NA","0.0","NA","NA","NA","NA","NA","NA","0.0","NA","NA","NA","NA","NA",NA,"Kelp Absent","Lovers Point"
18,"Elahi","Andrzejaczek","2022-03-08","love62",36.628723,-121.915289,"love","random",30,"0.3819444444444444",1.8,"2.0","love62_2022-03-08_t2",30,"1.0",90,31,"38.0",32.7,9.966473636,"love62_2022-03-08_t2_k","love62_2022-03-08_t2_b","was ID62","kelp video was GX010433; benthic video was GX010434","love62_2022-03-08_t2","30",0,"0.0","NA","0.0","NA","NA","NA","NA","NA","NA","0.0","NA","NA","NA","NA","NA",NA,"Kelp Absent","Lovers Point"
19,"Donald","Taradash","2022-07-06","canner",36.620431,-121.8996,"davi","haphazard",10,"0.4041666666666667",2.4,"1.0","canner_2022-07-06_t1",30,"2.0",120,14,"5.0",7.1,2.163974398,"canner_2022-07-06_t1_k","canner_2022-07-06_t1_b","first class survey; note that there is a 2nd benthic video but not clear how the two videos relate",NA,"canner_2022-07-06_t1","60",7,"80.0","NA","0.0","NA","NA","NA","NA","NA","NA","NA","NA","NA","NA","NA","NA",NA,"Kelp Present","David Avenue"
20,"Persad","Hodder","2022-07-06","canner",36.620431,-121.8996,"davi","haphazard",10,"0.46875",1.8,"2.0","canner_2022-07-06_t2",30,"2.0",120,16,"17.0",14.7,4.480341359,"canner_2022-07-06_t2_k","canner_2022-07-06_t2_b","first class survey",NA,"canner_2022-07-06_t2","60",17,"217.0","NA","0.0","NA","NA","NA","NA","NA","NA","NA","NA","NA","NA","NA","NA",NA,"Kelp Present","David Avenue"
21,"Persad","Hodder","2022-07-06","hms100",36.621142,-121.901658,"cabr","targeted",8,"0.38125",2.4,"1.0","hms100_2022-07-06_t1",30,"2.0",0,23,"26.0",22.1,6.735751295,"hms100_2022-07-06_t1_k","hms100_2022-07-06_t1_b","first class survey",NA,"hms100_2022-07-06_t1","60",27,"354.0","NA","0.0","NA","NA","NA","NA","NA","NA","NA","NA","NA","NA","NA","NA",NA,"Kelp Present","Cabrillo Point"
22,"Taradash","Donald","2022-07-06","hms100",36.621142,-121.901658,"cabr","targeted",10,"0.4791666666666667",1.8,"2.0","hms100_2022-07-06_t2",30,"2.0",140,15,"20.0",15.7,4.785126486,"hms100_2022-07-06_t2_k","hms100_2022-07-06_t2_b","first class survey",NA,"hms100_2022-07-06_t2","60",7,"211.0","NA","0.0","NA","NA","NA","NA","NA","NA","0.0","0.0","NA","NA","NA","NA",NA,"Kelp Present","Cabrillo Point"
23,"Donald","Hodder","2022-07-07","canner",36.620431,-121.8996,"davi","haphazard",12,"0.375",1.4,"1.0","canner_2022-07-07_t1",15,"2.0",120,23,"20.0",20.1,6.126181042,"canner_2022-07-07_t1_k","canner_2022-07-07_t1_b",NA,NA,"canner_2022-07-07_t1","30",30,"392.0","NA","0.0","NA","NA","NA","NA","NA","NA","0.0","0.0","NA","NA","NA","NA",NA,"Kelp Present","David Avenue"
24,"Hodder","Donald","2022-07-07","canner",36.620431,-121.8996,"davi","haphazard",12,"0.3888888888888889",1.3,"2.0","canner_2022-07-07_t2",15,"2.0",120,20,"25.0",21.2,6.461444681,"canner_2022-07-07_t2_k","canner_2022-07-07_t2_b",NA,NA,"canner_2022-07-07_t2","30",10,"58.0","NA","0.0","NA","NA","NA","NA","NA","NA","0.0","0.0","NA","NA","NA","NA",NA,"Kelp Present","David Avenue"
25,"Taradash","Persad","2022-07-07","hms100",36.621142,-121.901658,"cabr","targeted",15,"0.38958333333333334",1.6,"1.0","hms100_2022-07-07_t1",15,"2.0",90,25,"28.0",24.9,7.589149649,"hms100_2022-07-07_t1_k","hms100_2022-07-07_t1_b",NA,NA,"hms100_2022-07-07_t1","30",5,"146.0","NA","0.0","NA","NA","NA","NA","NA","NA","NA","NA","NA","NA","NA","NA",NA,"Kelp Present","Cabrillo Point"
26,"Persad","Taradash","2022-07-07","hms100",36.621142,-121.901658,"cabr","targeted",20,"0.4048611111111111",1.5,"2.0","hms100_2022-07-07_t2",15,"2.0",270,19,"21.0",18.5,5.63852484,"hms100_2022-07-07_t2_k","hms100_2022-07-07_t2_b",NA,NA,"hms100_2022-07-07_t2","30",10,"66.0","NA","0.0","NA","NA","NA","NA","NA","NA","NA","NA","NA","NA","NA","NA",NA,"Kelp Present","Cabrillo Point"
27,"Taradash","Donald","2022-07-11","luca39",36.638144,-121.922294,"luca","random",30,"0.4083333333333333",3.7,"1.0","luca39_2022-07-11_t1",30,"2.0",60,53,"61.0",53.3,16.24504724,"luca39_2022-07-11_t1_k","luca39_2022-07-11_t1_b",NA,NA,"luca39_2022-07-11_t1","60",0,"0.0","NA","0.0","60.0","30.0","38.0","0.0","4.0","0.0","0.0","1.0","0.0","0.0","0.0","0.0",NA,"Kelp Absent","Lucas Point"
28,"Persad","Hodder","2022-07-11","luca51",36.635979,-121.922122,"luca","random",30,"0.4097222222222222",3.5,"1.0","luca51_2022-07-11_t1",30,"2.0",300,43,"43.0",39.5,12.0390125,"luca51_2022-07-11_t1_k","luca51_2022-07-11_t1_b",NA,NA,"luca51_2022-07-11_t1","60",0,"0.0","NA","0.0","60.0","60.0","58.0","0.0","0.0","0.0","0.0","0.0","0.0","0.0","0.0","0.0",NA,"Kelp Absent","Lucas Point"
29,"Donald","Taradash","2022-07-11","mont69",36.625216,-121.910328,"mont","random",25,"0.4625",3.4,"1.0","mont69_2022-07-11_t1",30,"2.0",300,45,"46.0",42.1,12.83145383,"mont69_2022-07-11_t1_k","mont69_2022-07-11_t1_b",NA,NA,"mont69_2022-07-11_t1","60",0,"0.0","NA","0.0","60.0","60.0","27.0","3.0","1.0","0.0","0.0","0.0","0.0","0.0","0.0","0.0",NA,"Kelp Absent","Monterey Avenue"
30,"Hodder","Persad","2022-07-11","mont71",36.62495,-121.912748,"mont","random",25,"0.46458333333333335",3.5,"1.0","mont71_2022-07-11_t1",30,"2.0",300,27,"32.0",26,7.924413289,"mont71_2022-07-11_t1_k","mont71_2022-07-11_t1_b",NA,NA,"mont71_2022-07-11_t1","60",0,"0.0","NA","0.0","60.0","60.0","40.0","1.0","0.0","0.0","0.0","1.0","0.0","0.0","0.0","0.0",NA,"Kelp Absent","Monterey Avenue"
31,"Taradash","Persad","2022-07-12","char94",36.61596,-121.8968,"char","random",25,"0.4527777777777778",3.7,"1.0","char94_2022-07-12_t1",30,"2.0",180,29,"31.0",26.3,8.015848827,"char94_2022-07-12_t1_k","char94_2022-07-12_t1_b",NA,NA,"char94_2022-07-12_t1","60",22,"296.0","NA","0.0","60.0","NA","NA","2.0","0.0","0.0","0.0","1.0","0.0","0.0","0.0","0.0",NA,"Kelp Present","Chart House"
32,"Donald","Hodder","2022-07-12","char95",36.61537,-121.89631,"char","random",20,"0.4534722222222222",3.7,"1.0","char95_2022-07-12_t1",30,"2.0",240,29,"27.0",24.3,7.406278574,"char95_2022-07-12_t1_k","char95_2022-07-12_t1_b","The first heading did not stay on rocky substratum. Filmed kelp video along first heading. Adjusted transect tape after kelp video to follow rocky substratum. Benthic video filmed on adjusted transect on rocky subtratum.",NA,"char95_2022-07-12_t1","60",4,"78.0","NA","0.0","60.0","60.0","37.0","3.0","0.0","0.0","0.0","10.0","0.0","0.0","0.0","0.0",NA,"Kelp Present","Chart House"
33,"Hodder","Donald","2022-07-12","davi89",36.61906,-121.8992,"davi","random",25,"0.3854166666666667",3.5,"1.0","davi89_2022-07-12_t1",30,"2.0",180,23,"27.0",21.5,6.552880219,"davi89_2022-07-12_t1_k","davi89_2022-07-12_t1_b",NA,NA,"davi89_2022-07-12_t1","60",11,"347.0","NA","0.0","60.0","60.0","16.0","1.0","2.0","0.0","0.0","6.0","0.0","0.0","0.0","0.0",NA,"Kelp Present","David Avenue"
34,"Persad","Taradash","2022-07-12","davi90",36.61821,-121.89799,"davi","random",30,"0.39861111111111114",3.1,"1.0","davi90_2022-07-12_t1",30,"2.0",180,20,"23.0",18.4,5.608046327,"davi90_2022-07-12_t1_k","davi90_2022-07-12_t1_b","Note that the kelp transect is split into two videos; at 1:24 in the first video the diver is at the same point on transect as at 0:12 in the second video (~10.3m on the transect)","kelp counts were for 60m2; star counts are for one side only (30m2)","davi90_2022-07-12_t1","60",38,"586.0","NA","0.0","30.0","30.0","15.0","3.0","0.0","0.0","0.0","2.0","0.0","0.0","0.0","0.0",NA,"Kelp Present","David Avenue"
35,"Schnurle","Donald","2022-07-18","hms070",36.620983,-121.901733,"cabr","random",20,"11:11",1.1,"1.0","hms070_2022-07-18_t1",30,"2.0",300,25,"25.0",23.9,7.284364523,"hms070_2022-07-18_t1_k","hms070_2022-07-18_t1_b","lat-long from 80m was used",NA,"hms070_2022-07-18_t1","60",7,"129.0","NA","0.0","60.0","60.0","7.0","0.0","0.0","0.0","0.0","0.0","0.0","0.0","0.0","0.0",NA,"Kelp Present","Cabrillo Point"
36,"Taradash","Hodder","2022-07-18","hms100",36.621142,-121.901658,"cabr","random",15,"0.46597222222222223",1.1,"1.0","hms100_2022-07-18_t1",30,"2.0",300,23,"25.0",22.9,6.979579397,"hms100_2022-07-18_t1_k","hms100_2022-07-18_t1_b",NA,NA,"hms100_2022-07-18_t1","60",8,"187.0","NA","0.0","60.0","60.0","9.0","2.0","0.0","0.0","0.0","2.0","0.0","0.0","0.0","0.0",NA,"Kelp Present","Cabrillo Point"
37,"Elahi","Schnurle","2022-07-18","ottrpt",36.63454,-121.92063,"ottr","targeted",15,"0.39652777777777776",0,"1.0","ottrpt_2022-07-18_t1",30,"2.0",300,33,"32.0",32.5,9.905516611,"ottrpt_2022-07-18_t1_k","ottrpt_2022-07-18_t1_b",NA,NA,"ottrpt_2022-07-18_t1","60",0,"0.0","NA","0.0","60.0","60.0","50.0","0.0","1.0","0.0","0.0","0.0","0.0","0.0","0.0","0.0",NA,"Kelp Absent","Otter Point"
38,"Donald","Persad","2022-07-18","ottrpt",36.63454,-121.92063,"ottr","targeted",15,"0.39652777777777776",0,"2.0","ottrpt_2022-07-18_t2",30,"2.0",300,25,"NA",25,7.619628162,"ottrpt_2022-07-18_t2_k","ottrpt_2022-07-18_t2_b",NA,NA,"ottrpt_2022-07-18_t2","60",0,"0.0","NA","0.0","60.0","60.0","49.0","0.0","1.0","0.0","0.0","0.0","0.0","0.0","0.0","1.0",NA,"Kelp Absent","Otter Point"
39,"Hodder","Taradash","2022-07-18","ottrpt",36.63454,-121.92063,"ottr","targeted",15,"0.39652777777777776",0,"3.0","ottrpt_2022-07-18_t3",30,"2.0",300,31,"28.0",29.5,8.991161231,"ottrpt_2022-07-18_t3_k","ottrpt_2022-07-18_t3_b",NA,NA,"ottrpt_2022-07-18_t3","60",0,"0.0","NA","0.0","60.0","60.0","27.0","0.0","0.0","0.0","0.0","0.0","0.0","0.0","0.0","0.0",NA,"Kelp Absent","Otter Point"
40,"Wallace","Hodder","2023-07-11","hms_prot_edge1",36.6221,-121.90201,"cabr","targeted",25,"0.5131944444444444",1.8,"1.0","hms_prot_edge1_2023-07-11_t1",30,"NA",120,28,"31.0",27.7,8.442548004,"hms_prot_edge1_2023-07-11_t1_k","hms_prot_edge1_2023-07-11_t1_b","_edge1 is closest to shore; _edge4 is farthest from shore","t1 goes into kelp (120); t2 goes into barrens (300)","hms_prot_edge1_2023-07-11_t1","NA",NA,"NA","NA","NA","NA","NA","NA","NA","NA","NA","NA","NA","NA","NA","NA","NA",NA,"TBD","Cabrillo Point"
41,"Wallace","Hodder","2023-07-11","hms_prot_edge1",36.6221,-121.90201,"cabr","targeted",25,"0.5131944444444444",1.8,"2.0","hms_prot_edge1_2023-07-11_t2",30,"NA",300,28,"25.0",24.7,7.528192624,"hms_prot_edge1_2023-07-11_t2_k","hms_prot_edge1_2023-07-11_t2_b","_edge1 is closest to shore; _edge4 is farthest from shore","t1 goes into kelp (120); t2 goes into barrens (300)","hms_prot_edge1_2023-07-11_t2","NA",NA,"NA","NA","NA","NA","NA","NA","NA","NA","NA","NA","NA","NA","NA","NA","NA",NA,"TBD","Cabrillo Point"
42,"Mattioli","Walters","2023-07-11","hms_prot_edge2",36.6221,-121.90201,"cabr","targeted",25,"0.5118055555555555",1.8,"1.0","hms_prot_edge2_2023-07-11_t1",30,"NA",120,31,"28.0",27.7,8.442548004,"hms_prot_edge2_2023-07-11_t1_k","hms_prot_edge2_2023-07-11_t1_b","_edge1 is closest to shore; _edge4 is farthest from shore","t1 goes into kelp (120); t2 goes into barrens (300)","hms_prot_edge2_2023-07-11_t1","NA",NA,"NA","NA","NA","NA","NA","NA","NA","NA","NA","NA","NA","NA","NA","NA","NA",NA,"TBD","Cabrillo Point"
43,"Walters","Mattioli","2023-07-11","hms_prot_edge2",36.6221,-121.90201,"cabr","targeted",25,"0.5118055555555555",1.8,"2.0","hms_prot_edge2_2023-07-11_t2",30,"NA",300,31,"26.0",26.7,8.137762877,"hms_prot_edge2_2023-07-11_t2_k","hms_prot_edge2_2023-07-11_t2_b","_edge1 is closest to shore; _edge4 is farthest from shore","t1 goes into kelp (120); t2 goes into barrens (300)","hms_prot_edge2_2023-07-11_t2","NA",NA,"NA","NA","NA","NA","NA","NA","NA","NA","NA","NA","NA","NA","NA","NA","NA",NA,"TBD","Cabrillo Point"
44,"McClintock","Duda","2023-07-11","hms_prot_edge3",36.6221,-121.90201,"cabr","targeted",25,"0.5111111111111111",1.8,"1.0","hms_prot_edge3_2023-07-11_t1",30,"NA",120,35,"34.0",32.7,9.966473636,"hms_prot_edge3_2023-07-11_t1_k","hms_prot_edge3_2023-07-11_t1_b","_edge1 is closest to shore; _edge4 is farthest from shore","t1 goes into kelp (120); t2 goes into barrens (300)","hms_prot_edge3_2023-07-11_t1","NA",NA,"NA","NA","NA","NA","NA","NA","NA","NA","NA","NA","NA","NA","NA","NA","NA",NA,"TBD","Cabrillo Point"
45,"Duda","McClintock","2023-07-11","hms_prot_edge3",36.6221,-121.90201,"cabr","targeted",25,"0.5111111111111111",1.8,"2.0","hms_prot_edge3_2023-07-11_t2",30,"NA",300,35,"27.0",29.2,8.899725693,"hms_prot_edge3_2023-07-11_t2_k","hms_prot_edge3_2023-07-11_t2_b","_edge1 is closest to shore; _edge4 is farthest from shore","t1 goes into kelp (120); t2 goes into barrens (300)","hms_prot_edge3_2023-07-11_t2","NA",NA,"NA","NA","NA","NA","NA","NA","NA","NA","NA","NA","NA","NA","NA","NA","NA",NA,"TBD","Cabrillo Point"
46,"Anderson","Fairlie","2023-07-11","hms_prot_edge4",36.6221,-121.90201,"cabr","targeted",25,"0.5104166666666666",1.8,"1.0","hms_prot_edge4_2023-07-11_t1",30,"NA",120,32,"34.0",31.2,9.509295946,"hms_prot_edge4_2023-07-11_t1_k","hms_prot_edge4_2023-07-11_t1_b","_edge1 is closest to shore; _edge4 is farthest from shore","t1 goes into kelp (120); t2 goes into barrens (300)","hms_prot_edge4_2023-07-11_t1","NA",NA,"NA","NA","NA","NA","NA","NA","NA","NA","NA","NA","NA","NA","NA","NA","NA",NA,"TBD","Cabrillo Point"
47,"Anderson","McClintock","2023-07-12","macabee2023_1",36.61842,-121.89776,"davi","haphazard",15,"0.3958333333333333",3,"1.0","macabee2023_1_2023-07-12_t1",30,"NA",120,35,"33.0",31,9.448338921,"macabee2023_1_2023-07-12_t1_k","macabee2023_1_2023-07-12_t1_b",NA,NA,"macabee2023_1_2023-07-12_t1","NA",NA,"NA","NA","NA","NA","NA","NA","NA","NA","NA","NA","NA","NA","NA","NA","NA",NA,"TBD","David Avenue"
48,"Elkaslasy","Duda","2023-07-12","macabee2023_1",36.61842,-121.89776,"davi","haphazard",10,"0.3993055555555556",3,"2.0","macabee2023_1_2023-07-12_t2",30,"2.0",110,36,"35.0",32.5,9.905516611,"macabee2023_1_2023-07-12_t2_k","macabee2023_1_2023-07-12_t2_b",NA,NA,"macabee2023_1_2023-07-12_t1","NA",NA,"NA","NA","NA","60.0","NA","NA","3.0","4.0","NA","NA","2.0","NA","NA","NA","NA",NA,"TBD","David Avenue"
49,"Mattioli","Wallace","2023-07-12","macabee2023_2",36.61819,-121.89643,"davi","haphazard",10,"0.39861111111111114",3,"1.0","macabee2023_2_2023-07-12_t1",30,"2.0",225,46,"49.0",44.5,13.56293813,"macabee2023_2_2023-07-12_t1_k","macabee2023_2_2023-07-12_t1_b",NA,NA,"macabee2023_2_2023-07-12_t1","NA",NA,"NA","NA","NA","NA","NA","NA","6.0","NA","NA","NA","NA","NA","NA","NA","NA",NA,"TBD","David Avenue"
50,"Fairlie","Walters","2023-07-12","macabee2023_2",36.61819,-121.89643,"davi","haphazard",7,"0.39861111111111114",3,"2.0","macabee2023_2_2023-07-12_t2",30,"2.0",225,51,"59.0",52,15.84882658,"macabee2023_2_2023-07-12_t2_k","macabee2023_2_2023-07-12_t2_b",NA,NA,"macabee2023_2_2023-07-12_t1","NA",NA,"NA","NA","NA","60.0","NA","NA","NA","NA","NA","NA","4.0","NA","NA","NA","NA",NA,"TBD","David Avenue"
51,"McClintock","Walters","2023-07-14","hms100",36.621142,-121.901658,"cabr","targeted",8,"0.3611111111111111",3,"1.0","hms100_2023-07-14_t1",30,"NA",300,25,"22.0",20.5,6.248095093,"hms100_2023-07-14_t1_k","hms100_2023-07-14_t1_b",NA,NA,"hms100_2023-07-12_t1","NA",NA,"NA","NA","NA","NA","NA","NA","NA","NA","NA","NA","NA","NA","NA","NA","NA",NA,"TBD","Cabrillo Point"
52,"McClintock","Walters","2023-07-14","hms100",36.621142,-121.901658,"cabr","targeted",8,"0.3611111111111111",3,"2.0","hms100_2023-07-14_t2",30,"NA",120,25,"34.0",26.5,8.076805852,"hms100_2023-07-14_t2_k","hms100_2023-07-14_t2_b",NA,NA,"hms100_2023-07-12_t2","NA",NA,"NA","NA","NA","NA","NA","NA","NA","NA","NA","NA","NA","NA","NA","NA","NA",NA,"TBD","Cabrillo Point"
53,"Fairlie","Duda","2023-07-14","hms150",36.621717,-121.901817,"cabr","targeted",6,"0.3611111111111111",3,"1.0","hms150_2023-07-14_t1",30,"2.0",300,31,"30.0",27.5,8.381590978,"hms150_2023-07-14_t1_k","hms150_2023-07-14_t1_b",NA,NA,"hms150_2023-07-14_t1","NA",NA,"NA","NA","NA","60.0","60.0","12.0","1.0","0.0","0.0","0.0","3.0","0.0","0.0","0.0","0.0",NA,"TBD","Cabrillo Point"
54,"Anderson","Wallace","2023-07-14","hms050",36.62065,-121.9018,"cabr","targeted",6,"0.3625",3,"1.0","hms050_2023-07-14_t1",30,"2.0",300,28,"30.0",26,7.924413289,"hms050_2023-07-14_t1_k","hms050_2023-07-14_t1_b","gps from cable40m",NA,"hms50_2023-07-14_t1","NA",NA,"NA","NA","NA","60.0","60.0","14.0","0.0","1.0","0.0","0.0","0.0","0.0","0.0","0.0","0.0",NA,"TBD","Cabrillo Point"
55,"Wallace","Anderson","2023-07-14","hms050",36.62065,-121.9018,"cabr","targeted",6,"0.3625",3,"2.0","hms050_2023-07-14_t2",30,"2.0",120,28,"31.0",26.5,8.076805852,"hms050_2023-07-14_t2_k","hms050_2023-07-14_t2_b",NA,NA,"hms50_2023-07-14_t2","NA",NA,"NA","NA","NA","60.0","60.0","5.0","0.0","0.0","0.0","0.0","0.0","0.0","0.0","0.0","0.0",NA,"TBD","Cabrillo Point"
56,"Mattioli","Elkaslasy","2023-07-14","hms000",36.620317,-121.902067,"cabr","targeted",6,"0.3625",3,"1.0","hms000_2023-07-14_t1",30,"NA",300,26,"18.0",19,5.790917403,"hms000_2023-07-14_t1_k","hms000_2023-07-14_t1_b",NA,NA,"hms0_2023-07-14_t1","NA",NA,"NA","NA","NA","NA","NA","NA","NA","NA","NA","NA","NA","NA","NA","NA","NA",NA,"TBD","Cabrillo Point"
57,"Elkaslasy","Mattioli","2023-07-14","hms000",36.620317,-121.902067,"cabr","targeted",6,"0.3625",3,"2.0","hms000_2023-07-14_t2",30,"NA",120,26,"28.0",24,7.314843036,"hms000_2023-07-14_t2_k","hms000_2023-07-14_t2_b",NA,NA,"hms0_2023-07-14_t2","NA",NA,"NA","NA","NA","NA","NA","NA","NA","NA","NA","NA","NA","NA","NA","NA","NA",NA,"TBD","Cabrillo Point"
58,"Wallace","Walters","2023-07-18","cabr76",36.623203,-121.9051,"cabr","random",15,"0.41388888888888886",2,"1.0","cabr76_2023-07-18_t1",30,"NA",70,33,"35.0",32,9.753124048,"cabr76_2023-07-18_t1_k","cabr76_2023-07-18_t1_b",NA,NA,"cabr76_2023-07-18_t2","NA",NA,"NA","NA","NA","NA","NA","NA","NA","NA","NA","NA","NA","NA","NA","NA","NA",NA,"TBD","Cabrillo Point"
59,"Walters","Wallace","2023-07-18","davi89",36.619094,-121.89941,"davi","random",15,"0.4840277777777778",3.3,"2.0","davi89_2023-07-18_t2",30,"NA",300,30,"30.0",26.7,8.137762877,"NA","NA","air/video trouble",NA,"davi89_2023-07-18_t2","NA",NA,"NA","NA","NA","NA","NA","NA","NA","NA","NA","NA","NA","NA","NA","NA","NA",NA,"TBD","David Avenue"
60,"Fairlie","Mattioli","2023-07-18","cabr77",36.62312,-121.905817,"cabr","random",8,"0.4076388888888889",2,"1.0","cabr77_2023-07-18_t1",30,"2.0",120,42,"29.0",33.5,10.21030174,"cabr77_2023-07-18_t1_k","cabr77_2023-07-18_t1_b","wrong heading; went perpendicular to shore",NA,"cabr77_2023-07-18_t1","NA",NA,"NA","NA","NA","60.0","60.0","54.0","1.0","0.0","0.0","0.0","1.0","0.0","0.0","0.0","0.0",NA,"TBD","Cabrillo Point"
61,"Fairlie","Mattioli","2023-07-18","davi86",36.619743,-121.899334,"davi","random",15,"0.4777777777777778",3.3,"2.0","davi86_2023-07-18_t2",30,"2.0",290,35,"29.0",28.7,8.74733313,"davi86_2023-07-18_t2_k","davi86_2023-07-18_t2_b",NA,NA,"davi86_2023-07-18_t2","NA",NA,"NA","NA","NA","60.0","60.0","30.0","5.0","1.0","0.0","0.0","3.0","0.0","0.0","0.0","0.0",NA,"TBD","David Avenue"
62,"Elkaslasy","McClintock","2023-07-18","cabr76",36.623203,-121.9051,"cabr","random",15,"0.41388888888888886",2,"1.0","cabr76_2023-07-18_t1",30,"2.0",250,31,"40.0",33.5,10.21030174,"cabr76_2023-07-18_t1_k","cabr76_2023-07-18_t1_b",NA,NA,"cabr76_2023-07-18_t1","NA",NA,"NA","NA","NA","60.0","60.0","39.0","6.0","0.0","0.0","0.0","1.0","0.0","0.0","0.0","0.0",NA,"TBD","Cabrillo Point"
63,"McClintock","Elkaslasy","2023-07-18","davi89",36.619094,-121.89941,"davi","random",15,"0.4840277777777778",3.3,"1.0","davi89_2023-07-18_t1",30,"2.0",120,30,"34.0",28.7,8.74733313,"davi89_2023-07-18_t1_k","davi89_2023-07-18_t1_b",NA,NA,"davi89_2023-07-18_t1","NA",NA,"NA","NA","NA","60.0","60.0","32.0","1.0","0.0","0.0","0.0","0.0","0.0","0.0","0.0","0.0",NA,"TBD","David Avenue"
64,"Duda","Anderson","2023-07-18","cabr77",36.62312,-121.905817,"cabr","random",8,"0.40625",2,"2","cabr77_2023-07-18_t2",30,"NA",250,35,"36.0",33.5,10.21030174,"cabr77_2023-07-18_t2_k","cabr77_2023-07-18_t2_b",NA,NA,"cabr77_2023-07-18_t2","NA",NA,"NA","NA","NA","NA","NA","NA","NA","NA","NA","NA","NA","NA","NA","NA","NA",NA,"TBD","Cabrillo Point"
65,"Anderson","Duda","2023-07-18","davi86",36.619094,-121.89941,"davi","random",15,"0.4791666666666667",3.3,"1","davi86_2023-07-18_t1",30,"NA",210,40,"41.0",37.2,11.33800671,"davi86_2023-07-18_t1_k","davi86_2023-07-18_t1_b",NA,NA,"davi86_2023-07-18_t1","NA",NA,"NA","NA","NA","NA","NA","NA","NA","NA","NA","NA","NA","NA","NA","NA","NA",NA,"TBD","David Avenue"
66,"Anderson","Elkaslasy","2023-07-20","luca49",36.636993,-121.922578,"luca","random",15,"0.4166666666666667",1.3,"1.0","luca49_2023-07-20_t1",30,"2.0",180,50,"45.0",46.2,14.08107284,"luca49_2023-07-20_t1_k","luca49_2023-07-20_t1_b",NA,NA,"luca49_2023-07-20_t1","NA",NA,"NA","NA","NA","60.0","60.0","81.0","1.0","4.0","0.0","0.0","0.0","0.0","0.0","0.0","0.0",NA,"TBD","Lucas Point"
67,"Elkaslasy","Anderson","2023-07-20","ottr53",36.635011,-121.920727,"ottr","random",15,"0.48541666666666666",2.7,"1.0","ottr53_2023-07-20_t1",30,"2.0",300,43,"40.0",38.8,11.82566291,"ottr53_2023-07-20_t1_k","ottr53_2023-07-20_t1_b",NA,NA,"ottr53_2023-07-20_t1","NA",NA,"NA","NA","NA","60.0","60.0","47.0","0.0","0.0","0.0","0.0","1.0","0.0","0.0","0.0","0.0",NA,"TBD","Otter Point"
68,"Duda","Mattioli","2023-07-20","luca49",36.636993,-121.922578,"luca","random",12,"0.40902777777777777",1.3,"2.0","luca49_2023-07-20_t2",30,"NA",100,42,"37.0",38.2,11.64279183,"luca49_2023-07-20_t2_k","luca49_2023-07-20_t2_b",NA,NA,"luca49_2023-07-20_t2","NA",NA,"NA","NA","NA","NA","NA","NA","NA","NA","NA","NA","NA","NA","NA","NA","NA",NA,"TBD","Lucas Point"
69,"Mattioli","Duda","2023-07-20","ottr53",36.635011,-121.920727,"ottr","random",12,"0.4791666666666667",2.7,"2.0","ottr53_2023-07-20_t2",30,"NA",170,46,"42.0",41.3,12.58762572,"ottr53_2023-07-20_t2_k","ottr53_2023-07-20_t2_b",NA,NA,"ottr53_2023-07-20_t2","NA",NA,"NA","NA","NA","NA","NA","NA","NA","NA","NA","NA","NA","NA","NA","NA","NA",NA,"TBD","Otter Point"
70,"Wallace","Fairlie","2023-07-20","luca40",36.63803,-121.921624,"luca","random",20,"0.4076388888888889",1.3,"1.0","luca40_2023-07-20_t1",30,"2.0",300,50,"55.0",51.2,15.60499848,"luca40_2023-07-20_t1_k","luca40_2023-07-20_t1_b",NA,NA,"luca40_2023-07-20_t1","NA",NA,"NA","NA","NA","60.0","60.0","81.0","0.0","1.0","0.0","0.0","1.0","0.0","0.0","0.0","0.0",NA,"TBD","Lucas Point"
71,"Fairlie","Wallace","2023-07-20","ottr55",36.633374,-121.919161,"ottr","random",20,"0.4736111111111111",2.7,"2.0","ottr55_2023-07-20_t2",30,"2.0",320,30,"28.0",26.3,8.015848827,"ottr55_2023-07-20_t2_k","ottr55_2023-07-20_t2_b",NA,NA,"ottr55_2023-07-20_t2","NA",NA,"NA","NA","NA","60.0","60.0","54.0","1.0","1.0","0.0","0.0","4.0","0.0","0.0","0.0","0.0",NA,"TBD","Otter Point"
72,"Walters","McClintock","2023-07-20","luca40",36.63803,-121.921624,"luca","random",10,"0.41180555555555554",1.3,"2.0","luca40_2023-07-20_t2",30,"NA",300,53,"55.0",52.7,16.06217617,"luca40_2023-07-20_t2_k","luca40_2023-07-20_t2_b",NA,NA,"luca40_2023-07-20_t2","NA",NA,"NA","NA","NA","NA","NA","NA","NA","NA","NA","NA","NA","NA","NA","NA","NA",NA,"TBD","Lucas Point"
73,"McClintock","Walters","2023-07-20","ottr55",36.633374,-121.919161,"ottr","random",15,"0.4736111111111111",2.7,"1.0","ottr55_2023-07-20_t1",30,"NA",330,38,"34.0",33.3,10.14934471,"ottr55_2023-07-20_t1_k","ottr55_2023-07-20_t1_b",NA,NA,"ottr55_2023-07-20_t1","NA",NA,"NA","NA","NA","NA","NA","NA","NA","NA","NA","NA","NA","NA","NA","NA","NA",NA,"TBD","Otter Point"
74,"Fairlie","Elkaslasy","2023-07-21","hms_prot_edge1",36.6221,-121.90201,"cabr","targeted",5,"0.38333333333333336",2.8,"1.0","hms_prot_edge1_2023-07-21_t1",30,"2.0",150,23,"20.0",18.7,5.699481865,"hms_prot_edge1_2023-07-21_t1_k","hms_prot_edge1_2023-07-21_t1_b",NA,NA,"hms_prot_edge1_2023-07-21_t1","NA",NA,"NA","NA","NA","60.0","60.0","17.0","1.0","0.0","0.0","0.0","0.0","0.0","0.0","0.0","1.0",NA,"TBD","Cabrillo Point"
75,"Wallace","Mattioli","2023-07-21","hms_prot_edge2",36.6221,-121.90201,"cabr","targeted",5,"0.3840277777777778",2.8,"1.0","hms_prot_edge2_2023-07-21_t1",30,"NA",150,28,"27.0",24.7,7.528192624,"hms_prot_edge2_2023-07-21_t1_k","hms_prot_edge2_2023-07-21_t1_b",NA,NA,"hms_prot_edge2_2023-07-21_t1","NA",NA,"NA","NA","NA","NA","NA","NA","NA","NA","NA","NA","NA","NA","NA","NA","NA",NA,"TBD","Cabrillo Point"
76,"Anderson","Duda","2023-07-21","hms_prot_edge3",36.6221,-121.90201,"cabr","targeted",5,"0.3840277777777778",2.8,"1.0","hms_prot_edge3_2023-07-21_t1",30,"NA",150,28,"32.0",27.2,8.29015544,"hms_prot_edge3_2023-07-21_t1_k","hms_prot_edge3_2023-07-21_t1_b",NA,NA,"hms_prot_edge3_2023-07-21_t1","NA",NA,"NA","NA","NA","NA","NA","NA","NA","NA","NA","NA","NA","NA","NA","NA","NA",NA,"TBD","Cabrillo Point"
77,"McClintock","Walters","2023-07-21","hms_prot_edge4",36.6221,-121.90201,"cabr","targeted",5,"0.38472222222222224",2.8,"1.0","hms_prot_edge4_2023-07-21_t1",30,"2.0",120,29,"34.0",28.7,8.74733313,"hms_prot_edge4_2023-07-21_t1_k","hms_prot_edge4_2023-07-21_t1_b",NA,NA,"hms_prot_edge4_2023-07-21_t1","NA",NA,"NA","NA","NA","60.0","60.0","64.0","1.0","0.0","0.0","0.0","6.0","0.0","0.0","0.0","0.0",NA,"TBD","Cabrillo Point"
78,"Elahi","Johnson","2023-08-30","bird_rock",36.622412,-121.902513,"cabr","targeted",25,"0.4375",4.5,"1.0","bird_rock_2023-08-30_t1",30,"2.0",300,29,"30.0",25,7.619628162,"bird_rock_2023-08-30_t1_k","bird_rock_2023-08-30_t1_b",NA,NA,"bird_rock_2023-08-30_t1","60.0",0,"0.0","NA","0.0","60.0","60.0","17.0","0.0","0.0","0.0","0.0","1.0","0.0","0.0","0.0","0.0",NA,"Kelp Absent","Cabrillo Point"
79,"Elahi","Johnson","2023-08-30","hms100",36.621142,-121.901658,"cabr","targeted",20,"0.46875",4.5,"1.0","hms100_2023-08-30_t1",30,"2.0",120,30,"31.0",26,7.924413289,"hms100_2023-08-30_t1_k","hms100_2023-08-30_t1_b",NA,NA,"hms100_2023-08-30_t1","NA",NA,"NA","NA","NA","NA","60.0","8.0","NA","NA","NA","NA","NA","NA","NA","NA","NA",NA,"TBD","Cabrillo Point"
80,"Elahi","Walters","2023-10-27","bird_rock",36.622412,-121.902513,"cabr","targeted",20,"0.46319444444444446",5.5,"1.0","bird_rock_2023-10-27_t1",30,"2.0",120,31,"29.0",24.5,7.467235599,"bird_rock_2023-10-27_t1_k","bird_rock_2023-10-27_t1_b",NA,NA,"bird_rock_2023-10-27_t1","60.0",0,"0.0","NA","0.0","60.0","60.0","42.0","0.0","2.0","0.0","0.0","0.0","0.0","0.0","0.0","0.0",NA,"Kelp Absent","Cabrillo Point"
81,"Elahi","Walters","2023-10-27","hms100",36.621142,-121.901658,"cabr","targeted",20,"0.5208333333333334",3.8,"1.0","hms100_2023-10-27_t1",30,"2.0",120,29,"32.0",26.7,8.137762877,"hms100_2023-10-27_t1_k","hms100_2023-10-27_t1_b",NA,NA,"hms100_2023-10-27_t1","NA",NA,"NA","NA","NA","NA","NA","NA","NA","NA","NA","NA","NA","NA","NA","NA","NA",NA,"TBD","Cabrillo Point"
82,"Elahi","Donahue","2024-08-23","bird_rock",36.622412,-121.902513,"cabr","targeted",15,"0.41805555555555557",2.4,"1.0","bird_rock_2024-08-23_t1",30,"2.0",300,28,"30.0",26.6,8.107284365,"bird_rock_2024-08-23_t1_k","bird_rock_2024-08-23_t1_b",NA,NA,"bird_rock_2024-08-23_t1","NA",NA,"NA","NA","NA","NA","NA","NA","NA","NA","NA","NA","NA","NA","NA","NA","NA",NA,"TBD","Cabrillo Point"
83,"Elahi","Donahue","2024-08-23","hms090",36.621142,-121.901658,"cabr","targeted",15,"0.44930555555555557",3.1,"1.0","hms090_2024-08-23_t1",30,"2.0",300,30,"25.0",24.4,7.436757086,"hms090_2024-08-23_t1_k","hms090_2024-08-23_t1_b",NA,NA,"hms090_2024-08-23_t1","NA",NA,"NA","NA","NA","NA","NA","NA","NA","NA","NA","NA","NA","NA","NA","NA","NA",NA,"TBD","Cabrillo Point"
84,"Elahi","Meng","2024-10-24","hms100",36.621142,-121.901658,"cabr","targeted",15,"0.40069444444444446",3.65,"1.0","hms100_2024-10-24_t1",30,"2.0",330,27,"30.0",24.85,7.573910393,"hms100_2024-10-24_t1_k","hms100_2024-10-24_t1_b","Likely underestimate of macro_recruits",NA,"hms100_2024-10-24_t1","60.0",17,"310","14.0","0.0","NA","NA","NA","NA","NA","NA","NA","NA","NA","NA","NA","NA",NA,"Kelp Present","Cabrillo Point"
85,"Elahi","Meng","2024-10-24","hms150",36.621717,-121.901817,"cabr","targeted",15,"0.41458333333333336",3.56,"1.0","hms150_2024-10-24_t1",30,"2.0",330,22,"27.0",20.94,6.382200549,"hms150_2024-10-24_t1_k","hms150_2024-10-24_t1_b","Likely underestimate of macro_recruits",NA,"hms150_2024-10-24_t1","60.0",13,"250","21.0","0.0","NA","NA","NA","NA","NA","NA","NA","NA","NA","NA","NA","NA",NA,"Kelp Present","Cabrillo Point"
86,"Elahi","Meng","2024-10-24","hms170",36.621717,-121.901817,"cabr","targeted",15,"0.43680555555555556",3.43,"1.0","hms170_2024-10-24_t1",30,"2.0",330,30,"34.0",28.57,8.707711064,"hms170_2024-10-24_t1_k","hms170_2024-10-24_t1_b","Likely underestimate of macro_recruits","Worse visibility than the previous two transects.","hms170_2024-10-24_t1","60.0",13,"231","9.0","0.0","NA","NA","NA","NA","NA","NA","NA","NA","NA","NA","NA","NA",NA,"Kelp Present","Cabrillo Point"
87,"Elahi","Donahue","2024-12-10","hms100d",36.621142,-121.901658,"cabr","targeted",30,"0.4166666666666667",2.4,"1.0","hms100d_2024-12-10_t1",30,"NA",0,33,"36.0",32.1,9.78360256,"hms100d_2024-12-10_t1_k","hms100d_2024-12-10_t1_b","Gwen did relief data",NA,"hms100d_2024-12-10_t1","NA",NA,"NA","NA","NA","NA","NA","NA","NA","NA","NA","NA","NA","NA","NA","NA","NA",NA,"TBD","Cabrillo Point"
88,"Elahi","Donahue","2024-12-10","hms100",36.621142,-121.901658,"cabr","targeted",30,"0.4166666666666667",2.4,"1.0","hms100_2024-12-10_t1",30,"NA",330,25,"26.0",23.1,7.040536422,"hms100_2024-12-10_t1_k","hms100_2024-12-10_t1_b","Gwen did relief data",NA,"hms100_2024-12-10_t1","NA",NA,"NA","NA","NA","NA","NA","NA","NA","NA","NA","NA","NA","NA","NA","NA","NA",NA,"TBD","Cabrillo Point"
89,"Elahi","Donahue","2024-12-10","hms100s",36.621142,-121.901658,"cabr","targeted",30,"0.4166666666666667",2.4,"1.0","hms100s_2024-12-10_t1",30,"NA",340,19,"18.0",16.1,4.907040536,"hms100s_2024-12-10_t1_k","hms100s_2024-12-10_t1_b","Gwen did relief data",NA,"hms100s_2024-12-10_t1","NA",NA,"NA","NA","NA","NA","NA","NA","NA","NA","NA","NA","NA","NA","NA","NA","NA",NA,"TBD","Cabrillo Point"
90,"Elahi","Donahue","2025-03-05","hms100d",36.621142,-121.901658,"cabr","targeted",20,"0.3951388888888889",0.3,"1.0","hms100d_2025-03-05_t1",30,"NA",335,29,"25.0",26.7,8.137762877,"hms100d_2025-03-05_t1_k","hms100d_2025-03-05_t1_b","No other data collected",NA,"hms100d_2025-03-05_t1","NA",NA,"NA","NA","NA","NA","NA","NA","NA","NA","NA","NA","NA","NA","NA","NA","NA",NA,"TBD","Cabrillo Point"
91,"Elahi","Donahue","2025-03-05","hms100",36.621142,-121.901658,"cabr","targeted",20,"0.3951388888888889",0.3,"1.0","hms100_2025-03-05_t1",30,"NA",350,20,"25.0",22.2,6.766229808,"hms100_2025-03-05_t1_k","hms100_2025-03-05_t1_b","No other data collected",NA,"hms100_2025-03-05_t1","NA",NA,"NA","NA","NA","NA","NA","NA","NA","NA","NA","NA","NA","NA","NA","NA","NA",NA,"TBD","Cabrillo Point"
92,"Elahi","Donahue","2025-03-05","hms100s",36.621142,-121.901658,"cabr","targeted",20,"0.3951388888888889",0.3,"1.0","hms100s_2025-03-05_t1",30,"NA",340,14,"17.0",15.2,4.632733923,"hms100s_2025-03-05_t1_k","hms100s_2025-03-05_t1_b","No other data collected",NA,"hms100s_2025-03-05_t1","NA",NA,"NA","NA","NA","NA","NA","NA","NA","NA","NA","NA","NA","NA","NA","NA","NA",NA,"TBD","Cabrillo Point"
93,"Elahi","Meng","2025-03-24","hms110",36.621142,-121.901658,"cabr","targeted",10,"0.4166666666666667",1.8,"1.0","hms110_2025-03-24_t1",30,"2.0",330,28,"29.0",26.7,8.137762877,"hms110_2025-03-24_t1_k","hms110_2025-03-24_t1_b","Jayde measured kelp stipes",NA,"hms110_2025-03-24_t1","60.0",19,"332","16.0","0.0","NA","NA","NA","NA","NA","NA","NA","NA","NA","NA","NA","NA",NA,"Kelp Present","Cabrillo Point"
94,"Elahi","Meng","2025-03-24","hms140",36.621717,-121.901817,"cabr","targeted",10,"0.4166666666666667",1.8,"1.0","hms140_2025-03-24_t1",30,"2.0",330,28,"28.0",26.2,7.985370314,"hms140_2025-03-24_t1_k","hms140_2025-03-24_t1_b","Jayde measured kelp stipes",NA,"hms110_2025-03-24_t1","60.0",9,"194","17.0","0.0","NA","NA","NA","NA","NA","NA","NA","NA","NA","NA","NA","NA",NA,"Kelp Present","Cabrillo Point"
95,"Elahi","Meng","2025-03-24","hms170",36.621717,-121.901817,"cabr","targeted",10,"0.4166666666666667",1.8,"1.0","hms170_2025-03-24_t1",30,"2.0",330,28,"30.0",27.2,8.29015544,"hms170_2025-03-24_t1_k","hms170_2025-03-24_t1_b","Jayde measured kelp stipes",NA,"hms110_2025-03-24_t1","60.0",19,"237","16.0","0.0","NA","NA","NA","NA","NA","NA","NA","NA","NA","NA","NA","NA",NA,"Kelp Present","Cabrillo Point"
96,"Meng","Illing","2025-03-25","hms260",36.622778,-121.902222,"cabr","targeted",10,"0.4375",3.1,"1.0","hms260_2025-03-25_t1",30,"2.0",330,28,"36.0",28.9,8.808290155,"hms260_2025-03-25_t1_k","hms260_2025-03-25_t1_b","Matt measured kelp",NA,"hms260_2025-03-25_t1","60.0",6,"43","55","0.0","NA","NA","NA","NA","NA","NA","NA","NA","NA","NA","NA","NA",NA,"Kelp Present","Cabrillo Point"
97,"Meng","Illing","2025-03-25","hms260",36.622778,-121.902222,"cabr","targeted",10,"0.4375",3.1,"2.0","hms260_2025-03-25_t2",30,"2.0",150,28,"26.0",23.9,7.284364523,"hms260_2025-03-25_t2_k","hms260_2025-03-25_t2_b","Matt measured kelp",NA,"hms260_2025-03-25_t2","60.0",4,"8","11","0.0","NA","NA","NA","NA","NA","NA","NA","NA","NA","NA","NA","NA",NA,"Kelp Present","Cabrillo Point"
98,"Meng","Johnson","2025-04-04","hms200",36.621717,-121.901817,"cabr","targeted",25,"0.4583333333333333",-0.54,"1.0","hms200_2025-04-04_t1",30,"2.0",330,32,"32.0",32.54,9.917708016,"hms200_2025-04-04_t1_k","hms200_2025-04-04_t1_b","Will and Gwen measured kelp","In situ counts were different day from video; may have slight heading differences","hms200_2025-04-04_t1","NA",NA,"NA","NA","NA","NA","NA","NA","NA","NA","NA","NA","NA","NA","NA","NA","NA",NA,"TBD","Cabrillo Point"
99,"DiCicco","Rogers","2025-07-01","hms000",36.620317,-121.902067,"cabr","targeted",20,"0.4097222222222222",1,"1.0","hms000_2025-07-01_t1",30,"NA",20,17,"12.0",13.5,4.114599208,"hms000_2025-07-01_t1_k","hms000_2025-07-01_t1_b","No other data collected",NA,"hms000_2025-07-01_t1","NA",NA,"NA","NA","NA","NA","NA","NA","NA","NA","NA","NA","NA","NA","NA","NA","NA",NA,"TBD","Cabrillo Point"
100,"Rogers","DiCicco","2025-07-01","hms040",36.62065,-121.9018,"cabr","targeted",20,"0.42986111111111114",1,"1.0","hms040_2025-07-01_t1",30,"NA",10,26,"28.0",26,7.924413289,"hms040_2025-07-01_t1_k","hms040_2025-07-01_t1_b","No other data collected",NA,"hms040_2025-07-01_t1","NA",NA,"NA","NA","NA","NA","NA","NA","NA","NA","NA","NA","NA","NA","NA","NA","NA",NA,"TBD","Cabrillo Point"
101,"Toussaint","Winn","2025-07-01","hms080",36.620983,-121.901733,"cabr","targeted",20,"0.40902777777777777",1,"1.0","hms080_2025-07-01_t1",30,"NA",7,25,"22.0",22.5,6.857665346,"hms080_2025-07-01_t1_k","hms080_2025-07-01_t1_b","No other data collected",NA,"hms080_2025-07-01_t1","NA",NA,"NA","NA","NA","NA","NA","NA","NA","NA","NA","NA","NA","NA","NA","NA","NA",NA,"TBD","Cabrillo Point"
102,"Winn","Toussaint","2025-07-01","hms120",36.62135,-121.901733,"cabr","targeted",20,"0.4236111111111111",1,"1.0","hms120_2025-07-01_t1",30,"NA",2,23,"29.0",25,7.619628162,"hms120_2025-07-01_t1_k","hms120_2025-07-01_t1_b","No other data collected",NA,"hms120_2025-07-01_t1","NA",NA,"NA","NA","NA","NA","NA","NA","NA","NA","NA","NA","NA","NA","NA","NA","NA",NA,"TBD","Cabrillo Point"
103,"Bell","Elahi","2025-07-01","hms160",36.621717,-121.901817,"cabr","targeted",15,"0.4201388888888889",1,"1.0","hms160_2025-07-01_t1",30,"NA",330,29,"31.0",29,8.838768668,"hms160_2025-07-01_t1_k","hms160_2025-07-01_t1_b","No other data collected",NA,"hms160_2025-07-01_t1","NA",NA,"NA","NA","NA","NA","NA","NA","NA","NA","NA","NA","NA","NA","NA","NA","NA",NA,"TBD","Cabrillo Point"
104,"Bell","Elahi","2025-07-01","hms200",36.621717,-121.901817,"cabr","targeted",15,"0.4201388888888889",1,"1.0","hms200_2025-07-01_t1",30,"NA",300,27,"29.0",27,8.229198415,"hms200_2025-07-01_t1_k","hms200_2025-07-01_t1_b","No other data collected",NA,"hms200_2025-07-01_t1","NA",NA,"NA","NA","NA","NA","NA","NA","NA","NA","NA","NA","NA","NA","NA","NA","NA",NA,"TBD","Cabrillo Point"
105,"Bell","Toussaint","2025-07-08","asil09",36.641194,-121.930596,"asil","random",30,"0.4652777777777778",3.5,"1.0","asil09_2025-07-08_t1",30,"2.0",270,45,"40.0",39,11.88661993,"asil09_2025-07-08_t1_k","asil09_2025-07-08_t1_b","Did stars and relief (2 observers)",NA,"asil09_2025-07-08_t1","NA",NA,"NA","NA","NA","2.0","2.0","150.0","0.0","7.0","0.0","0.0","3.0","0.0","0.0","0.0","0.0",NA,"TBD","Asilomar Avenue"
106,"Rogers","DiCicco","2025-07-08","asil22",36.639998,-121.930008,"asil","random",35,"0.4652777777777778",3.5,"1.0","asil22_2025-07-08_t1",30,"2.0",300,28,"29.0",25,7.619628162,"asil22_2025-07-08_t1_k","asil22_2025-07-08_t1_b","Did relief and stars",NA,"asil22_2025-07-08_t1","NA",NA,"NA","NA","NA","2.0","2.0","95.0","0.0","6.0","0.0","0.0","2.0","0.0","0.0","0.0","0.0",NA,"TBD","Asilomar Avenue"
107,"Toussaint","Bell","2025-07-08","luca33",36.638997,-121.924899,"luca","random",30,"0.5520833333333334",3.2,"1.0","luca33_2025-07-08_t1",30,"2.0",90,41,"40.0",37.3,11.36848522,"luca33_2025-07-08_t1_k","luca33_2025-07-08_t1_b","Did relief",NA,"luca33_2025-07-08_t1","NA",NA,"NA","NA","NA","NA","NA","NA","NA","NA","NA","NA","NA","NA","NA","NA","NA",NA,"TBD","Lucas Point"
108,"DiCicco","Rogers","2025-07-08","luca46",36.637308,-121.923536,"luca","random",35,"0.5520833333333334",3.2,"2.0","luca46_2025-07-08_t2",30,"2.0",230,37,"39.0",34.8,10.6065224,"luca46_2025-07-08_t2_k","luca46_2025-07-08_t2_b","No other data collected",NA,"luca46_2025-07-08_t1","NA",NA,"NA","NA","NA","NA","NA","NA","NA","NA","NA","NA","NA","NA","NA","NA","NA",NA,"TBD","Lucas Point"
109,"Bell","Toussaint","2025-07-15","palm101",36.630465,-121.920356,"palm","random",10,"0.4131944444444444",1,"1.0","palm101_2025-07-15_t1",30,"NA",120,22,"23.0",21.5,6.552880219,"palm101_2025-07-15_t1_k","palm101_2025-07-15_t1_b","Did relief",NA,"palm101_2025-07-15_t1","NA",NA,"NA","NA","NA","NA","NA","NA","NA","NA","NA","NA","NA","NA","NA","NA","NA",NA,"TBD","Sea Palm Avenue"
110,"Toussaint","Bell","2025-07-15","mont74",36.624278,-121.910185,"mont","random",10,"0.4791666666666667",2,"1.0","mont74_2025-07-15_t1",30,"NA",120,31,"30.0",28.5,8.686376105,"mont74_2025-07-15_t1_k","mont74_2025-07-15_t1_b","Did relief",NA,"mont74_2025-07-15_t1","NA",NA,"NA","NA","NA","NA","NA","NA","NA","NA","NA","NA","NA","NA","NA","NA","NA",NA,"TBD","Monterey Avenue"
111,"Winn","Rogers","2025-07-15","palm102",36.629034,-121.919254,"palm","random",7,"0.4097222222222222",1,"1.0","palm102_2025-07-15_t1",30,"2.0",320,17,"16.0",15.5,4.724169461,"palm102_2025-07-15_t1_k","palm102_2025-07-15_t1_b","Did relief",NA,"palm102_2025-07-14_t1","NA",NA,"NA","NA","NA","NA","NA","NA","NA","NA","NA","NA","NA","NA","NA","NA","NA",NA,"TBD","Sea Palm Avenue"
112,"DiCicco","Winn","2025-07-15","love66",36.626954,-121.91301,"love","random",12,"0.4625",2,"1.0","love66_2025-07-15_t1",30,"2.0",135,39,"42.0",38.5,11.73422737,"love66_2025-07-15_t1_k","love66_2025-07-15_t1_b","Did relief",NA,"love66_2025-07-14_t1","NA",NA,"NA","NA","NA","NA","NA","NA","NA","NA","NA","NA","NA","NA","NA","NA","NA",NA,"TBD","Lovers Point"
113,"Rogers","Toussaint","2025-07-21","cabr79",36.622972,-121.905417,"cabr","random",20,"0.4270833333333333",3.9,"1.0","cabr79_2025-07-21_t1",30,"NA",130,36,"27.0",27.6,8.412069491,"cabr79_2025-07-21_t1_k","cabr79_2025-07-21_t1_b","Did relief",NA,"cabr79_2025-07-21_t1","NA",NA,"NA","NA","NA","NA","NA","NA","NA","NA","NA","NA","NA","NA","NA","NA","NA",NA,"TBD","Cabrillo Point"
114,"Toussaint","Rogers","2025-07-21","davi88",36.619557,-121.898733,"davi","random",15,"0.48333333333333334",3.5,"1.0","davi88_2025-07-21_t1",30,"NA",180,30,"34.0",28.5,8.686376105,"davi88_2025-07-21_t1_k","davi88_2025-07-21_t1_b","Did relief","Anchored in 50ft, swam towards shore for video transect in 30-40ft","davi88_2025-07-21_t1","NA",NA,"NA","NA","NA","NA","NA","NA","NA","NA","NA","NA","NA","NA","NA","NA","NA",NA,"TBD","David Avenue"
115,"Winn","DiCicco","2025-07-21","cabr80",36.622923,-121.903986,"cabr","random",25,"0.4270833333333333",3.9,"1.0","cabr80_2025-07-21_t1",30,"NA",230,29,"29.0",25.1,7.650106675,"cabr80_2025-07-21_t1_k","cabr80_2025-07-21_t1_b","Did relief",NA,"cabr80_2025-07-21_t1","NA",NA,"NA","NA","NA","NA","NA","NA","NA","NA","NA","NA","NA","NA","NA","NA","NA",NA,"TBD","Cabrillo Point"
116,"DiCicco","Winn","2025-07-21","davi91",36.61749,-121.89751,"davi","random",15,"0.4895833333333333",3.5,"1.0","davi91_2025-07-21_t1",30,"NA",320,36,"38.0",33.5,10.21030174,"davi91_2025-07-21_t1_k","davi91_2025-07-21_t1_b","Did relief",NA,"davi91_2025-07-21_t1","NA",NA,"NA","NA","NA","NA","NA","NA","NA","NA","NA","NA","NA","NA","NA","NA","NA",NA,"TBD","David Avenue"
117,"Elahi","Bell","2025-07-24","shal1",36.60617,-121.87332,"shal","targeted",15,"0.40902777777777777",3,"1.0","shal1_2025-07-24_t1",30,"NA",50,31,"31.0",28,8.533983542,"shal1_2025-07-24_t1_k","shal1_2025-07-24_t1_b","Did relief; shale_beds_kelp_2025","targeted because we observed kelp near KFE shale beds site","shal1_2025-07-24_t1_b","NA",NA,"NA","NA","NA","NA","NA","NA","NA","NA","NA","NA","NA","NA","NA","NA","NA",NA,"TBD","Shale Beds"
118,"Elahi","Toussaint","2025-07-24","char96",36.612277,-121.895214,"char","random",20,"0.4708333333333333",4,"1.0","char96_2025-07-24_t1",30,"NA",150,27,"34.0",26.5,8.076805852,"char96_2025-07-24_t1_k","char96_2025-07-24_t1_b","Did relief",NA,"char96_2025-07-24_t1_b","NA",NA,"NA","NA","NA","NA","NA","NA","NA","NA","NA","NA","NA","NA","NA","NA","NA",NA,"TBD","Chart House"
119,"Meng","Kavanaugh","2025-07-15","hms110",36.621142,-121.901658,"cabr","targeted",15,"0.42986111111111114",1,"1.0","hms110_2025-07-15_t1",30,"2.0",330,33,"33.0",32,9.753124048,"hms110_2025-07-15_t1_k","hms110_2025-07-15_t1_b","Isabelle measured kelp",NA,"hms110_2025-07-15_t1","60.0",12,"323.0","2.0","NA","NA","NA","NA","NA","NA","NA","NA","NA","NA","NA","NA","NA",NA,"Kelp Present","Cabrillo Point"
120,"Meng","Kavanaugh","2025-07-15","hms140",36.621717,-121.901817,"cabr","targeted",15,"0.44583333333333336",1,"1.0","hms140_2025-07-15_t1",30,"2.0",330,33,"33.0",32,9.753124048,"hms140_2025-07-15_t1_k","hms140_2025-07-15_t1_b","Isabelle measured kelp",NA,"hms140_2025-07-15_t1","60.0",10,"301.0","0.0","NA","NA","NA","NA","NA","NA","NA","NA","NA","NA","NA","NA","NA",NA,"Kelp Present","Cabrillo Point"
121,"Meng","Kavanaugh","2025-07-15","hms170",36.621717,-121.901817,"cabr","targeted",15,"0.4576388888888889",1,"1.0","hms170_2025-07-15_t1",30,"2.0",330,33,"33.0",32,9.753124048,"hms170_2025-07-15_t1_k","hms170_2025-07-15_t1_b","Isabelle measured kelp",NA,"hms170_2025-07-15_t1","60.0",13,"318.0","0.0","NA","NA","NA","NA","NA","NA","NA","NA","NA","NA","NA","NA","NA",NA,"Kelp Present","Cabrillo Point"
122,"Meng","Kavanaugh","2025-07-15","hms260",36.622778,-121.902222,"cabr","targeted",10,"0.5506944444444445",3.5,"1.0","hms260_2025-07-15_t1",30,"2.0",330,35,"35.0",31.5,9.600731484,"hms260_2025-07-15_t1_k","hms260_2025-07-15_t1_b","Isabelle measured kelp",NA,"hms260_2025-07-15_t1","60.0",14,"71.0","7.0","NA","NA","NA","NA","NA","NA","NA","NA","NA","NA","NA","NA","NA",NA,"Kelp Present","Cabrillo Point"
123,"Meng","Kavanaugh","2025-07-15","hms260",36.622778,-121.902222,"cabr","targeted",10,"0.5583333333333333",3.5,"2.0","hms260_2025-07-15_t2",30,"2.0",150,33,"33.0",29.5,8.991161231,"hms260_2025-07-15_t2_k","hms260_2025-07-15_t2_b","Isabelle measured kelp",NA,"hms260_2025-07-15_t2","60.0",39,"116.0","92.0","NA","NA","NA","NA","NA","NA","NA","NA","NA","NA","NA","NA","NA",NA,"Kelp Present","Cabrillo Point"
124,"Meng","Kavanaugh","2025-07-15","hms230",36.621717,-121.901817,"cabr","targeted",10,"0.5854166666666667",3.5,"1.0","hms230_2025-07-15_t1",30,"2.0",150,33,"33.0",29.5,8.991161231,"hms230_2025-07-15_t1_k","hms230_2025-07-15_t1_b","Jayde and Isabelle measured kelp","In situ counts were different day from video; may have slight heading differences","hms230_2025-07-15_t1","60.0",45,"657.0","49.0","NA","NA","NA","NA","NA","NA","NA","NA","NA","NA","NA","NA","NA",NA,"Kelp Present","Cabrillo Point"
125,"Meng","Johnson","2025-07-24","hms110",36.621142,-121.901658,"cabr","targeted",25,"0.6013888888888889",3.5,"1.0","hms110_2025-07-24_t1",30,"2.0",150,28,"30.0",25.5,7.772020725,"hms110_2025-07-24_t1_k","hms110_2025-07-24_t1_b","Will measured kelp",NA,"hms110_2025-07-24_t1","60.0",11,"276.0","0.0","NA","NA","NA","NA","NA","NA","NA","NA","NA","NA","NA","NA","NA",NA,"Kelp Present","Cabrillo Point"
126,"Meng","Johnson","2025-07-24","hms80",36.620983,-121.901733,"cabr","targeted",20,"0.6138888888888889",3.5,"1.0","hms80_2025-07-24_t1",30,"2.0",150,28,"28.0",24.5,7.467235599,"hms80_2025-07-24_t1_k","hms80_2025-07-24_t1_b","Will measured kelp",NA,"hms80_2025-07-24_t1","60.0",21,"407.0","3.0","NA","NA","NA","NA","NA","NA","NA","NA","NA","NA","NA","NA","NA",NA,"Kelp Present","Cabrillo Point"
127,"Meng","Johnson","2025-07-24","hms50",36.62065,-121.9018,"cabr","targeted",20,"0.6277777777777778",3.5,"1.0","hms50_2025-07-24_t1",30,"2.0",180,27,"24.0",22,6.705272783,"hms50_2025-07-24_t1_k","hms50_2025-07-24_t1_b","Will measured kelp",NA,"hms50_2025-07-24_t1","60.0",22,"268.0","0.0","NA","NA","NA","NA","NA","NA","NA","NA","NA","NA","NA","NA","NA",NA,"Kelp Present","Cabrillo Point"
128,"Elahi","Winn","2025-08-11","love64",36.627925,-121.912795,"love","random",10,"0.4527777777777778",3.5,"1.0","love64_2025-08-11_t1",30,"NA",110,46,"50.0",44.5,13.56293813,"love64_2025-08-11_t1_k","love64_2025-08-11_t1_b","Jackson did relief",NA,"love64_2025-08-11_t1","NA",NA,"NA","NA","NA","NA","NA","NA","NA","NA","NA","NA","NA","NA","NA","NA","NA",NA,"TBD","Lovers Point"
129,"Elahi","Winn","2025-08-11","mont70",36.625104,-121.911784,"mont","random",10,"0.4909722222222222",4.2,"1.0","mont70_2025-08-11_t1",30,"NA",310,35,"37.0",31.8,9.692167022,"mont70_2025-08-11_t1_k","mont70_2025-08-11_t1_b","Jackson did relief",NA,"mont70_2025-08-11_t1","NA",NA,"NA","NA","NA","NA","NA","NA","NA","NA","NA","NA","NA","NA","NA","NA","NA",NA,"TBD","Monterey Avenue"
130,"Elahi","McNabb","2025-08-19","pinosu",36.63687,-121.92362,"luca","targeted",20,"0.51875",3.3,"1.0","pinosu_2025-08-19_t1",30,"NA",310,33,"41.0",33.7,10.27125876,"pinosu_2025-08-19_t1_k","pinosu_2025-08-19_t1_b","Isabelle did relief",NA,"pinos_urchin_2025-08-19_t1","NA",NA,"NA","NA","NA","NA","NA","NA","NA","NA","NA","NA","NA","NA","NA","NA","NA",NA,"TBD","Lucas Point"
131,"Elahi","McNabb","2025-08-19","pinosu",36.63687,-121.92362,"luca","targeted",20,"0.5326388888888889",3.2,"2.0","pinosu_2025-08-19_t2",30,"NA",310,33,"37.0",31.8,9.692167022,"pinosu_2025-08-19_t2_k","pinosu_2025-08-19_t2_b","Isabelle did relief",NA,"pinos_urchin_2025-08-19_t2","NA",NA,"NA","NA","NA","NA","NA","NA","NA","NA","NA","NA","NA","NA","NA","NA","NA",NA,"TBD","Lucas Point"
132,"Elahi","McNabb","2025-08-19","pinosu",36.63687,-121.92362,"luca","targeted",20,"0.54375",3.1,"3.0","pinosu_2025-08-19_t3",30,"NA",310,22,"22.0",18.9,5.760438891,"pinosu_2025-08-19_t3_k","pinosu_2025-08-19_t3_b","Isabelle did relief",NA,"pinos_urchin_2025-08-19_t3","NA",NA,"NA","NA","NA","NA","NA","NA","NA","NA","NA","NA","NA","NA","NA","NA","NA",NA,"TBD","Lucas Point"
133,"Elahi","Malone","2025-08-22","ottrpt",36.63454,-121.92063,"ottr","targeted",20,"0.4375",4.3,"1.0","ottrpt_2025-08-22_t1",30,"NA",300,44,"42.0",38.7,11.7951844,"ottrpt_2025-08-22_t1_k","ottrpt_2025-08-22_t1_b","Zulie did relief",NA,"ottrpt_2025-08-22_t1","NA",NA,"NA","NA","NA","NA","NA","NA","NA","NA","NA","NA","NA","NA","NA","NA","NA",NA,"TBD","Otter Point"
134,"Elahi","Malone","2025-08-22","ottrpt",36.63454,-121.92063,"ottr","targeted",20,"0.4479166666666667",4.4,"2.0","ottrpt_2025-08-22_t2",30,"NA",300,35,"37.0",31.6,9.631209997,"ottrpt_2025-08-22_t2_k","ottrpt_2025-08-22_t2_b","Zulie did relief",NA,"ottrpt_2025-08-22_t2","NA",NA,"NA","NA","NA","NA","NA","NA","NA","NA","NA","NA","NA","NA","NA","NA","NA",NA,"TBD","Otter Point"
135,"Elahi","Malone","2025-08-22","ottrpt",36.63454,-121.92063,"ottr","targeted",20,"0.4583333333333333",4.5,"3.0","ottrpt_2025-08-22_t3",30,"NA",300,28,"32.0",25.5,7.772020725,"ottrpt_2025-08-22_t3_k","ottrpt_2025-08-22_t3_b","Zulie did relief",NA,"ottrpt_2025-08-22_t3","NA",NA,"NA","NA","NA","NA","NA","NA","NA","NA","NA","NA","NA","NA","NA","NA","NA",NA,"TBD","Otter Point"
136,"Elahi","Malone","2025-08-22","char92",36.617187,-121.895926,"char","random",15,"0.5208333333333334",4.3,"1.0","char92_2025-08-22_t1",30,"NA",300,29,"32.0",26.2,7.985370314,"char92_2025-08-22_t1_k","char92_2025-08-22_t1_b","Zulie did relief",NA,"char92_2025-08-22_t1","NA",NA,"NA","NA","NA","NA","NA","NA","NA","NA","NA","NA","NA","NA","NA","NA","NA",NA,"TBD","Chart House"
137,"Elahi","Donahue","2025-08-26","ottr56",36.63225,-121.918461,"ottr","random",25,"0.4284722222222222",3.3,"1.0","ottr56_2025-08-26_t1",30,"NA",330,47,"49.0",44.7,13.62389515,"ottr56_2025-08-26_t1_k","ottr56_2025-08-26_t1_b","Gwen did relief",NA,"ottr56_2025-08-26_t1","NA",NA,"NA","NA","NA","NA","NA","NA","NA","NA","NA","NA","NA","NA","NA","NA","NA",NA,"TBD","Otter Point"
138,"Elahi","Donahue","2025-08-26","ottr56",36.63225,-121.918461,"ottr","random",25,"0.45",3.8,"2.0","ottr56_2025-08-26_t2",30,"NA",330,39,"38.0",34.7,10.57604389,"ottr56_2025-08-26_t2_k","ottr56_2025-08-26_t2_b","Gwen did relief",NA,"ottr56_2025-08-26_t2","NA",NA,"NA","NA","NA","NA","NA","NA","NA","NA","NA","NA","NA","NA","NA","NA","NA",NA,"TBD","Otter Point"
139,"Elahi","Donahue","2025-08-26","ottr59",36.631522,-121.919724,"ottr","random",25,"0.4986111111111111",4.6,"1.0","ottr59_2025-08-26_t1",30,"NA",330,35,"37.0",31.4,9.570252972,"ottr59_2025-08-26_t1_k","ottr59_2025-08-26_t1_b","Gwen did relief",NA,"ottr59_2025-08-26_t1","NA",NA,"NA","NA","NA","NA","NA","NA","NA","NA","NA","NA","NA","NA","NA","NA","NA",NA,"TBD","Otter Point"
140,"Elahi","Donahue","2025-08-26","ottr59",36.631522,-121.919724,"ottr","random",25,"0.5118055555555555",4.7,"2.0","ottr59_2025-08-26_t2",30,"NA",360,20,"25.0",17.8,5.425175251,"ottr59_2025-08-26_t2_k","ottr59_2025-08-26_t2_b","Gwen did relief",NA,"ottr59_2025-08-26_t2","NA",NA,"NA","NA","NA","NA","NA","NA","NA","NA","NA","NA","NA","NA","NA","NA","NA",NA,"TBD","Otter Point"
141,"Elahi","McNabb","2025-08-29","asil30",36.639118,-121.928298,"asil","random",12,"0.44722222222222224",3.4,"1.0","asil30_2025-08-29_t1",30,"NA",300,41,"40.0",37.1,11.30752819,"asil30_2025-08-29_t1_k","asil30_2025-08-29_t1_b","Isabelle did relief",NA,"asil30_2025-08-29_t1","NA",NA,"NA","NA","NA","NA","NA","NA","NA","NA","NA","NA","NA","NA","NA","NA","NA",NA,"TBD","Asilomar Avenue"
142,"Elahi","McNabb","2025-08-29","palm10",36.628622,-121.918064,"palm","random",12,"0.49027777777777776",3.9,"1.0","palm10_2025-08-29_t1",30,"NA",310,22,"29.0",21.6,6.583358732,"palm10_2025-08-29_t1_k","palm10_2025-08-29_t1_b","Isabelle did relief",NA,"palm10_2025-08-29_t1","NA",NA,"NA","NA","NA","NA","NA","NA","NA","NA","NA","NA","NA","NA","NA","NA","NA",NA,"TBD","Sea Palm Avenue"
143,"Elahi","McNabb","2025-08-29","love65",36.627675,-121.915058,"love","random",10,"0.5277777777777778",4.3,"1.0","love65_2025-08-29_t1",30,"NA",270,22,"32.0",22.7,6.918622371,"love65_2025-08-29_t1_k","love65_2025-08-29_t1_b","Isabelle did relief",NA,"love65_2025-08-29_t1","NA",NA,"NA","NA","NA","NA","NA","NA","NA","NA","NA","NA","NA","NA","NA","NA","NA",NA,"TBD","Lovers Point"
144,"Elahi","Donahue","2025-09-05","mont10",36.623835,-121.90914,"mont","random",30,"0.3854166666666667",4,"1.0","mont10_2025-09-05_t1",30,"NA",300,39,"35.0",33,10.05790917,"mont10_2025-09-05_t1_k","mont10_2025-09-05_t1_b","Gwen did relief",NA,"mont10_2025-09-05_t1","NA",NA,"NA","NA","NA","NA","NA","NA","NA","NA","NA","NA","NA","NA","NA","NA","NA",NA,"TBD","Monterey Avenue"
145,"Elahi","Donahue","2025-09-05","davi85",36.619801,-121.899781,"davi","random",15,"0.43333333333333335",4.2,"1.0","davi85_2025-09-05_t1",30,"NA",300,23,"25.0",19.8,6.034745504,"davi85_2025-09-05_t1_k","davi85_2025-09-05_t1_b","Gwen did relief",NA,"davi85_2025-09-05_t1","NA",NA,"NA","NA","NA","NA","NA","NA","NA","NA","NA","NA","NA","NA","NA","NA","NA",NA,"TBD","David Avenue"
146,"Elahi","Donahue","2025-09-05","char06",36.612894,-121.895674,"char","random",15,"0.475",4.1,"1.0","char06_2025-09-05_t1",30,"NA",120,20,"28.0",19.9,6.065224017,"char06_2025-09-05_t1_k","char06_2025-09-05_t1_b","Gwen did relief",NA,"char06_2025-09-05_t1","NA",NA,"NA","NA","NA","NA","NA","NA","NA","NA","NA","NA","NA","NA","NA","NA","NA",NA,"TBD","Chart House"
147,"Elahi","Johnson","2025-09-11","bird_rock",36.622412,-121.902513,"cabr","targeted",30,"0.4083333333333333",3.6,"1.0","bird_rock_2025-09-11_t1",30,"NA",300,34,"28.0",27.4,8.351112466,"bird_rock_2025-09-11_t1_k","bird_rock_2025-09-11_t1_b","Will did relief","white metaprobes","bird_rock_2025-09-11_t1","NA",NA,"NA","NA","NA","NA","NA","NA","NA","NA","NA","NA","NA","NA","NA","NA","NA",NA,"TBD","Cabrillo Point"
148,"Elahi","Johnson","2025-09-11","hms110",36.621142,-121.901658,"cabr","targeted",30,"0.4361111111111111",4.2,"1.0","hms110_2025-09-11_t1",30,"NA",150,29,"26.0",23.3,7.101493447,"hms110_2025-09-11_t1_k","hms110_2025-09-11_t1_b","Will did relief","black metaprobes","hms110_2025-09-11_t1","NA",NA,"NA","NA","NA","NA","NA","NA","NA","NA","NA","NA","NA","NA","NA","NA","NA",NA,"TBD","Cabrillo Point"
149,"Elahi","Rice","2025-09-12","hms100d",36.621142,-121.901658,"cabr","targeted",30,"0.40208333333333335",3.2,"1.0","hms100d_2025-09-12_t1",30,"NA",0,33,"32.0",29.3,8.930204206,"hms100d_2025-09-12_t1_k","hms100d_2025-09-12_t1_b","Caroline did relief",NA,"hms100d_2025-09-12_t1","NA",NA,"NA","NA","NA","NA","NA","NA","NA","NA","NA","NA","NA","NA","NA","NA","NA",NA,"TBD","Cabrillo Point"
150,"Elahi","Rice","2025-09-12","hms100",36.621142,-121.901658,"cabr","targeted",30,"0.41875",3.5,"1.0","hms100_2025-09-12_t1",30,"NA",330,26,"24.0",21.5,6.552880219,"hms100_2025-09-12_t1_k","hms100_2025-09-12_t1_b","Caroline did relief",NA,"hms100_2025-09-12_t1","NA",NA,"NA","NA","NA","NA","NA","NA","NA","NA","NA","NA","NA","NA","NA","NA","NA",NA,"TBD","Cabrillo Point"
151,"Elahi","Rice","2025-09-12","hms100s",36.621142,-121.901658,"cabr","targeted",15,"0.42916666666666664",3.7,"1.0","hms100s_2025-09-12_t1",30,"NA",340,17,"20.0",14.8,4.510819872,"hms100s_2025-09-12_t1_k","hms100s_2025-09-12_t1_b","Caroline did relief",NA,"hms100s_2025-09-12_t1","NA",NA,"NA","NA","NA","NA","NA","NA","NA","NA","NA","NA","NA","NA","NA","NA","NA",NA,"TBD","Cabrillo Point"
